{
  "loss": 0.00713841849938035,
  "rmsle_tf": 0.059696126729249954,
  "val_loss": 0.004122369457036257,
  "val_rmsle_tf": 0.038134604692459106,
  "epoch": 19,
  "global_step": 33760
}