{
  "loss": 0.02255779504776001,
  "rmsle_tf": 0.1073794886469841,
  "val_loss": 0.00934867188334465,
  "val_rmsle_tf": 0.053534530103206635,
  "epoch": 6,
  "global_step": 5908
}