{
  "loss": 0.010933900251984596,
  "rmsle_tf": 0.07649563997983932,
  "val_loss": 0.004195988178253174,
  "val_rmsle_tf": 0.03726070001721382,
  "epoch": 5,
  "global_step": 10128
}