{
  "loss": 0.04807574301958084,
  "rmsle_tf": 0.15872879326343536,
  "val_loss": 0.018695611506700516,
  "val_rmsle_tf": 0.09218396991491318,
  "epoch": 4,
  "global_step": 4220
}