{
  "loss": 0.007538250647485256,
  "rmsle_tf": 0.06171266362071037,
  "val_loss": 0.0037673746701329947,
  "val_rmsle_tf": 0.037366051226854324,
  "epoch": 10,
  "global_step": 29007
}