{
  "loss": 0.007614912465214729,
  "rmsle_tf": 0.06194932758808136,
  "val_loss": 0.003660657675936818,
  "val_rmsle_tf": 0.03542477265000343,
  "epoch": 12,
  "global_step": 27430
}